,Range,Monday,Tuesday,Wednesday,Thursday,Friday,Saturday,Sunday
early morning,12AM-06AM,0.017034722222222222,0.20930888888888888,0.0,0.0241175,0.0722975,0.09417083333333333,0.19974
morning,06AM-10AM,12.80722138888889,11.096721944444445,10.643578055555556,10.509560277777778,10.28808138888889,1.8799794444444444,1.3291288888888888
midday,10AM-01PM,7.013743611111111,0.45905555555555555,3.670383611111111,5.378766944444444,5.3064647222222225,5.273129166666667,5.052709722222223
afternoon,01PM-04PM,21.18513388888889,14.042198611111111,16.246406666666665,15.79478861111111,20.474145833333335,9.3113325,16.670605833333333
evening,04PM-07PM,10.434719166666667,10.207762222222222,14.37537611111111,9.598515555555556,10.426149444444444,7.252988611111111,11.365964444444444
night,07PM-10PM,7.126436666666667,4.629163611111111,8.6565275,7.140730555555556,4.492881944444444,3.4538769444444446,7.507264722222223
late night,10PM-12PM,0.2051763888888889,0.15132055555555557,1.0645647222222223,0.45199222222222224,0.9207311111111111,0.7643580555555556,1.9746105555555555
